{
	"pattrstorage" : 	{
		"name" : "settings",
		"slots" : 		{
			"1" : 			{
				"id" : 1,
				"data" : 				{
					"osc_ip" : [ "127.0.0.1" ],
					"osc_port" : [ 34954 ],
					"showWindow" : [ 0 ],
					"weightCalib::weightCalib_XY::weight::areaFactor" : [ 2275.480642612589691 ],
					"weightCalib::weightCalib_XY::weight::weighMapper" : [ 1.0, 0.0, 5000.0, 0.0, 0.0, 0, 0.004732298274787, 20.0, 0, 0.011895805829349, 50.0, 0, 0.023864098892967, 100.0, 0, 0.047720740856052, 200.0, 0, 0.11922167559864, 500.0, 0, 0.238316751675293, 1000.0, 0, 0.47672707993328, 2000.0, 0, 0.715484963327691, 3000.0, 0, "linear" ],
					"weightCalib::weightCalib_XY::weight::weight2FactorMapper" : [ 1.0, 0.0, 1.0, 0.000252089446435, 1.000022450248746, 0, 0.004732298274787, 0.999053176454979, 0, 0.011895805829349, 0.997444469377218, 0, 0.023864098892967, 0.993755819988579, 0, 0.047720740856052, 0.985263286672905, 0, 0.11922167559864, 0.960761378390118, 0, 0.238316751675293, 0.930933220498842, 0, 0.47672707993328, 0.87954161095234, 0, 0.715484963327691, 0.843648332029251, 0, "linear" ],
					"weightCalib::weightCalib_XY::shearUP::weighMapper" : [ 1.0, 0.0, 600.0, 0.0, 0.0, 0, 0.025851296691874, 50.0, 0, 0.103361819584575, 100.0, 0, 0.265479680055433, 200.0, 0, 0.430397455695161, 300.0, 0, 0.601136837131551, 400.0, 0, 0.752498587844765, 500.0, 0, 0.944112584352044, 600.0, 0, "linear" ],
					"weightCalib::weightCalib_XY::shearDOWN::weighMapper" : [ 1.0, 0.0, 600.0, 0.0, 0.0, 0, 0.108065195023268, 50.0, 0, 0.176405975758224, 100.0, 0, 0.354920378768927, 200.0, 0, 0.521614534855309, 300.0, 0, 0.684686151655181, 400.0, 0, 0.83878585057395, 500.0, 0, 1.0, 600.0, 0, "linear" ],
					"weightCalib::weightCalib_XY::shearLEFT::weighMapper" : [ 1.0, 0.0, 600.0, 0.0, 0.0, 0, 0.042687963343307, 50.0, 0, 0.141982488150287, 100.0, 0, 0.294554749786238, 200.0, 0, 0.467340149957586, 300.0, 0, 0.63173138960759, 400.0, 0, 0.801058395644144, 500.0, 0, 0.962170316583809, 600.0, 0, "linear" ],
					"weightCalib::weightCalib_XY::shearRIGHT::weighMapper" : [ 1.0, 0.0, 600.0, 0.0, 0.0, 0, 0.080683154283405, 50.0, 0, 0.1799777884203, 100.0, 0, 0.338386389066661, 200.0, 0, 0.510469038905602, 300.0, 0, 0.685917608545795, 400.0, 0, 0.856247175154918, 500.0, 0, 1.0, 600.0, 0, "linear" ]
				}

			}

		}

	}

}
