{
	"pattrstorage" : 	{
		"name" : "settings",
		"slots" : 		{
			"1" : 			{
				"id" : 1,
				"data" : 				{
					"osc_ip" : [ "127.0.0.1" ],
					"osc_port" : [ 34954 ],
					"showWindow" : [ 0 ],
					"weightCalib::weightCalib_XY::weight::areaFactor" : [ 2271.950353677458224 ],
					"weightCalib::weightCalib_XY::weight::weighMapper" : [ 1.0, 0.0, 5000.0, 0.0, 0.0, 0, 0.006496274797013, 20.0, 0, 0.01608367163642, 50.0, 0, 0.032172868873676, 100.0, 0, 0.064153303433517, 200.0, 0, 0.160406316906592, 500.0, 0, 0.32021317706036, 1000.0, 0, 0.641153988785106, 2000.0, 0, 0.961635602106851, 3000.0, 0, "linear" ],
					"weightCalib::weightCalib_XY::weight::weight2FactorMapper" : [ 1.0, 0.0, 1.0, 0.000202353817757, 1.002012077019089, 0, 0.006496274797013, 0.995164952930796, 0, 0.01608367163642, 0.991611310586372, 0, 0.032172868873676, 0.988178959751906, 0, 0.064153303433517, 0.985137098329247, 0, 0.160406316906592, 0.970668946206983, 0, 0.32021317706036, 0.951250256031613, 0, 0.641153988785106, 0.887671013328494, 0, 0.961635602106851, 0.860738543030069, 0, "linear" ],
					"weightCalib::weightCalib_XY::shearUP::weighMapper" : [ 1.0, 0.0, 600.0, 0.0, 0.0, 0, 0.079713295459292, 50.0, 0, 0.156391932741092, 100.0, 0, 0.300146495499578, 200.0, 0, 0.452679204493321, 300.0, 0, 0.627843303179106, 400.0, 0, 0.797592002007301, 500.0, 0, 0.959721462091194, 600.0, 0, "linear" ],
					"weightCalib::weightCalib_XY::shearDOWN::weighMapper" : [ 1.0, 0.0, 600.0, 0.0, 0.0, 0, 0.072495499397076, 50.0, 0, 0.150915608154646, 100.0, 0, 0.296224080780787, 200.0, 0, 0.473079885307954, 300.0, 0, 0.622603226604195, 400.0, 0, 0.783644521374205, 500.0, 0, 0.929281866209691, 600.0, 0, "linear" ],
					"weightCalib::weightCalib_XY::shearLEFT::weighMapper" : [ 1.0, 0.0, 600.0, 0.0, 0.0, 0, 0.04221088078248, 50.0, 0, 0.179078259021358, 100.0, 0, 0.489735952913319, 200.0, 0, 0.872191190337634, 300.0, 0, 0.96, 560.0, 0, 0.97, 570.0, 0, 98.0, 580.0, 0, "linear" ],
					"weightCalib::weightCalib_XY::shearRIGHT::weighMapper" : [ 1.0, 0.0, 600.0, 0.0, 0.0, 0, 0.087480813519635, 50.0, 0, 0.180841961430825, 100.0, 0, 0.338215442177082, 200.0, 0, 0.498447483635244, 300.0, 0, 0.681284357130763, 400.0, 0, 0.841474769063995, 500.0, 0, 0.999888987933518, 600.0, 0, "linear" ]
				}

			}

		}

	}

}
