{
	"pattrstorage" : 	{
		"name" : "settings",
		"slots" : 		{
			"1" : 			{
				"id" : 1,
				"data" : 				{
					"osc_ip" : [ "127.0.0.1" ],
					"osc_port" : [ 34954 ],
					"showWindow" : [ 1 ],
					"weightCalib::weightCalib_XY::weight::areaFactor" : [ 2342.845896477072529 ],
					"weightCalib::weightCalib_XY::weight::weighMapper" : [ 1.0, 0.0, 5000.0, 0.0, 0.0, 0, 0.004208171872841, 50.0, 0, 0.011463688874527, 50.0, 0, 0.023850850781748, 100.0, 0, 0.048045717767802, 200.0, 0, 0.121838141670903, 500.0, 0, 0.245162307671372, 1000.0, 0, 0.491197826580008, 2000.0, 0, 0.738389219998266, 3000.0, 0, "linear" ],
					"weightCalib::weightCalib_XY::weight::weight2FactorMapper" : [ 1.0, 0.0, 1.0, 0.000132935405523, 0.998368208227749, 0, 0.004208171872841, 1.01404575473989, 0, 0.011463688874527, 1.011249545482266, 0, 0.023850850781748, 1.005438929295459, 0, 0.048045717767802, 0.999956730068118, 0, 0.121838141670903, 0.976639744432383, 0, 0.245162307671372, 0.934653219972942, 0, 0.491197826580008, 0.903094978781515, 0, 0.738389219998266, 0.867461541578707, 0, "linear" ],
					"weightCalib::weightCalib_XY::shearUP::weighMapper" : [ 1.0, 0.0, 600.0, 0.0, 0.0, 0, 0.058164536924199, 50.0, 0, 0.116611773107981, 100.0, 0, 0.243024795368332, 200.0, 0, 0.380626288555293, 300.0, 0, 0.536095936804153, 400.0, 0, 0.694153962655438, 500.0, 0, 0.845031328061287, 600.0, 0, "linear" ],
					"weightCalib::weightCalib_XY::shearDOWN::weighMapper" : [ 1.0, 0.0, 600.0, 0.0, 0.0, 0, 0.045039067024275, 50.0, 0, 0.123624411691285, 100.0, 0, 0.24722285954267, 200.0, 0, 0.400767424760676, 300.0, 0, 0.559421626092427, 400.0, 0, 0.71501004575593, 500.0, 0, 0.874686174310429, 600.0, 0, "linear" ],
					"weightCalib::weightCalib_XY::shearLEFT::weighMapper" : [ 1.0, 0.0, 600.0, 0.0, 0.0, 0, 0.035678968567654, 50.0, 0, 0.102301739484255, 100.0, 0, 0.259656438988604, 200.0, 0, 0.41431725139167, 300.0, 0, 0.558745820351207, 400.0, 0, 0.719264574712072, 500.0, 0, 0.88180098724231, 600.0, 0, "linear" ],
					"weightCalib::weightCalib_XY::shearRIGHT::weighMapper" : [ 1.0, 0.0, 600.0, 0.0, 0.0, 0, 0.060083145752181, 50.0, 0, 0.125943560881632, 100.0, 0, 0.293906365310441, 200.0, 0, 0.447747297045458, 300.0, 0, 0.615960046123714, 400.0, 0, 0.783297988928903, 500.0, 0, 0.935639252767235, 600.0, 0, "linear" ]
				}

			}

		}

	}

}
