{
	"pattrstorage" : 	{
		"name" : "settings",
		"slots" : 		{
			"1" : 			{
				"id" : 1,
				"data" : 				{
					"showWindow" : [ 1 ],
					"osc_ip" : [ "127.0.0.1" ],
					"osc_port" : [ 34954 ],
					"weightCalib::weightCalib_XY::weight::areaFactor" : [ 2927.982422 ],
					"weightCalib::weightCalib_XY::weight::weighMapper" : [ 1.0, 0.0, 5000.0, 0.0, 0.0, 0, 0.003949, 20.0, 0, 0.010595, 50.0, 0, 0.02181, 100.0, 0, 0.044171, 200.0, 0, 0.111247, 500.0, 0, 0.223204, 1000.0, 0, 0.446438, 2000.0, 0, 0.893267, 4000.0, 0, "linear" ],
					"weightCalib::weightCalib_XY::weight::weight2FactorMapper" : [ 1.0, 0.0, 1.0, 0.000007, 1.000377, 0, 0.003949, 0.987861, 0, 0.010595, 0.9808, 0, 0.02181, 0.966063, 0, 0.044171, 0.942085, 0, 0.111247, 0.928491, 0, 0.223204, 0.884609, 0, 0.446438, 0.827085, 0, 0.893267, 0.772642, 0, "linear" ],
					"weightCalib::weightCalib_XY::shearUP::weighMapper" : [ 1.0, 0.0, 600.0, 0.0, 0.0, 0, 0.016758, 50.0, 0, 0.066649, 100.0, 0, 0.239731, 200.0, 0, 0.405539, 300.0, 0, 0.604144, 400.0, 0, 0.77866, 500.0, 0, 0.96837, 600.0, 0, "linear" ],
					"weightCalib::weightCalib_XY::shearDOWN::weighMapper" : [ 1.0, 0.0, 600.0, 0.0, 0.0, 0, 0.043452, 50.0, 0, 0.101309, 100.0, 0, 0.307025, 200.0, 0, 0.461656, 300.0, 0, 0.670121, 400.0, 0, 0.83864, 500.0, 0, 1.0, 600.0, 0, 98.0, 580.0, 0, "linear" ],
					"weightCalib::weightCalib_XY::shearLEFT::weighMapper" : [ 1.0, 0.0, 600.0, 0.0, 0.0, 0, 0.06104, 50.0, 0, 0.123637, 100.0, 0, 0.278033, 200.0, 0, 0.412186, 300.0, 0, 0.592754, 400.0, 0, 0.777972, 500.0, 0, 0.953304, 600.0, 0, "linear" ],
					"weightCalib::weightCalib_XY::shearRIGHT::weighMapper" : [ 1.0, 0.0, 600.0, 0.0, 0.0, 0, 0.023615, 50.0, 0, 0.093812, 100.0, 0, 0.281264, 200.0, 0, 0.463404, 300.0, 0, 0.635655, 400.0, 0, 0.815421, 500.0, 0, 0.990304, 600.0, 0, 98.0, 580.0, 0, "linear" ]
				}

			}

		}

	}

}
